teks_bersih,kategori,urgensi,instansi
pak ada kasus meningitis di kampung kami 3 orang udah masuk icu harap segera ada tindakan,kesehatan,sangat_urgen,Dinas Kesehatan
bu sertifikat tanah saya ga kunjung kelar udah setaun nunggu harap segera ada tindakan,administrasi,urgen,Dinas Kependudukan dan Catatan Sipil
bu ijazah anak ditahan sekolah karena masalah administrasi harap segera ada tindakan,administrasi,urgen,Dinas Kependudukan dan Catatan Sipil
pengaduan: rel kereta ga ada pagarnya udah ada yang ketabrak minggu lalu,infrastruktur,sangat_urgen,Dinas Pekerjaan Umum
puskesmas pembantu tutup ga ada tenaga kesehatan sama sekali,kesehatan,urgen,Dinas Kesehatan
knalpot brong di jalanan bikin bising ganggu ketenangan warga minta tolong banget,keamanan,biasa,Satuan Polisi Pamong Praja
lampu merah di perempatan rusak rawan kecelakaan,infrastruktur,urgen,Dinas Pekerjaan Umum
jalan desa kami berlubang-lubang parah apalagi musim hujan kapan diselesaikan,infrastruktur,urgen,Dinas Pekerjaan Umum
pasar tradisional sampahnya numpuk bau amis kemana mana,kebersihan,urgen,Dinas Lingkungan Hidup
mohon salut sama kerja keras pak lurah kami mohon ditindak,administrasi,tidak_urgen,Dinas Kependudukan dan Catatan Sipil
dokter puskesmas sering bolos pasien numpuk ga ada yang meriksa,kesehatan,urgen,Dinas Kesehatan
laporan: jalan kampung kami belum diaspal becek banget kalo ujan,infrastruktur,urgen,Dinas Pekerjaan Umum
mau lapor nih imunisasi anak di kelurahan kami ga jalan udah berbulan bulan tolong cepet ditangani,kesehatan,urgen,Dinas Kesehatan
laporan: drainase mampet banjir tiap hujan deras mohon ditindak,infrastruktur,urgen,Dinas Pekerjaan Umum
pengaduan: ada ancaman bom di pasar warga pada lari,keamanan,sangat_urgen,Satuan Polisi Pamong Praja
pengaduan: imunisasi anak di kelurahan kami ga jalan udah berbulan bulan tolong cepet ditangani,kesehatan,urgen,Dinas Kesehatan
halo pemda jam buka puskesmas sering ga sesuai jadwal segera ya pak,kesehatan,biasa,Dinas Kesehatan
jam buka puskesmas sering ga sesuai jadwal,kesehatan,biasa,Dinas Kesehatan
halo pemda sungai butek item bau warga banyak yang kena penyakit kulit segera ya pak,kebersihan,sangat_urgen,Dinas Lingkungan Hidup
bu ada pedagang yang jualan di badan jalan bahayain pengendara udah lama nih,keamanan,biasa,Satuan Polisi Pamong Praja
penerangan jalan umum di jalan protokol banyak yang mati mohon ditindak,infrastruktur,urgen,Dinas Pekerjaan Umum
mohon jembatan retak parah goyang kalo dilewati truk,infrastruktur,sangat_urgen,Dinas Pekerjaan Umum
pasien rujukan ditolak rs tanpa alasan yang jelas,kesehatan,urgen,Dinas Kesehatan
trotoar depan pasar rusak parah orang sering kesandung minta tolong banget,infrastruktur,urgen,Dinas Pekerjaan Umum
bu saluran irigasi sawah bocor petani rugi terus harap segera ada tindakan,infrastruktur,urgen,Dinas Pekerjaan Umum
info jadwal dokter di puskesmas ga pernah diupdate harap segera ada tindakan,kesehatan,biasa,Dinas Kesehatan
mau lapor nih pkl di trotoar bikin macet dan ganggu lalu lintas kami banget terganggu,keamanan,biasa,Satuan Polisi Pamong Praja
tolong begal bunuh pengendara motor tadi malem di jalan gelap deket desa kami udah lama nih,keamanan,sangat_urgen,Satuan Polisi Pamong Praja
lingkungan rt kurang bersih perlu kerja bakti,kebersihan,biasa,Dinas Lingkungan Hidup
tiang listrik mau roboh nih nempel ke pohon rawan banget kena angin,infrastruktur,sangat_urgen,Dinas Pekerjaan Umum
halo pemda lampu jalan di gang kami mati udah 2 minggu gelap bgt malem mohon ditindak,infrastruktur,urgen,Dinas Pekerjaan Umum
tolong sungai kecil belakang perumahan penuh sampah bau busuk segera ya pak,kebersihan,urgen,Dinas Lingkungan Hidup
pak tps liar di pinggir jalan numpuk ga pernah diangkut nyamuk banyak udah lama nih,kebersihan,urgen,Dinas Lingkungan Hidup
tolong knalpot brong di jalanan bikin bising ganggu ketenangan warga kami sangat terganggu,keamanan,biasa,Satuan Polisi Pamong Praja
wabah diare menyebar di desa kami udah 20 orang kena termasuk balita kapan diselesaikan,kesehatan,sangat_urgen,Dinas Kesehatan
halo pemda formulir pendaftaran di kelurahan susah didapat mohon ditindak,administrasi,biasa,Dinas Kependudukan dan Catatan Sipil
pengaduan: ada pembuangan limbah ilegal di dekat sekolah baunya menyengat segera ya pak,kebersihan,sangat_urgen,Dinas Lingkungan Hidup
pengaduan: bayi gizi buruk parah di desa kami butuh bantuan segera udah lama nih,kesehatan,sangat_urgen,Dinas Kesehatan
bu ktp saya udah 5 bulan blm jadi padahal semua syarat udah lengkap harap segera ada tindakan,administrasi,urgen,Dinas Kependudukan dan Catatan Sipil
ada kasus meningitis di kampung kami 3 orang udah masuk icu minta tolong banget,kesehatan,sangat_urgen,Dinas Kesehatan
cat jembatan udah kusam perlu dicat ulang,infrastruktur,biasa,Dinas Pekerjaan Umum
bahu jalan agak rusak butuh perbaikan,infrastruktur,biasa,Dinas Pekerjaan Umum
kasus pencurian di komplek kami makin sering ga ada ronda,keamanan,urgen,Satuan Polisi Pamong Praja
mohon sungai kecil belakang perumahan penuh sampah bau busuk segera ya pak,kebersihan,urgen,Dinas Lingkungan Hidup
pengaduan: penerangan jalan minim banget malem gelap gulita rawan kejahatan kapan diselesaikan,keamanan,urgen,Satuan Polisi Pamong Praja
halo pemda ada kasus tbc menyebar di lingkungan padat penduduk butuh penanganan cepat mohon ditindak,kesehatan,sangat_urgen,Dinas Kesehatan
bangunan liar di lahan fasilitas umum ga ada penertiban minta tolong banget,keamanan,biasa,Satuan Polisi Pamong Praja
loket pendaftaran puskesmas prosesnya lama banget,kesehatan,biasa,Dinas Kesehatan
pelayanan di kecamatan lama banget bisa nunggu sampe sore,administrasi,urgen,Dinas Kependudukan dan Catatan Sipil
mohon cat marka jalan udah pudar ga keliatan,infrastruktur,biasa,Dinas Pekerjaan Umum
laporan: bansos ga tepat sasaran tetangga saya mampu dapat saya yang susah malah ga dapat minta tolong banget,administrasi,urgen,Dinas Kependudukan dan Catatan Sipil
mohon air pdam berasa aneh bau ga layak minum,kebersihan,sangat_urgen,Dinas Lingkungan Hidup
remaja di bawah umur terlibat tawuran bawa celurit ada yang masuk ugd,keamanan,sangat_urgen,Satuan Polisi Pamong Praja
sampah berserakan di depan minimarket ga ada yang bersihin,kebersihan,biasa,Dinas Lingkungan Hidup
pak sampah berserakan di depan minimarket ga ada yang bersihin,kebersihan,biasa,Dinas Lingkungan Hidup
papan pengumuman di kantor kelurahan jarang diupdate,administrasi,biasa,Dinas Kependudukan dan Catatan Sipil
halte bus atapnya bocor ujan masuk,infrastruktur,biasa,Dinas Pekerjaan Umum
pengaduan: ada penembakan di daerah kami warga panik ga berani keluar rumah,keamanan,sangat_urgen,Satuan Polisi Pamong Praja
tolong sktm buat daftar sekolah ga bisa didapat harus nyogok dulu mohon ditindak,administrasi,urgen,Dinas Kependudukan dan Catatan Sipil
halo pemda selokan penuh sampah plastik air meluap ke jalan kapan diselesaikan,kebersihan,urgen,Dinas Lingkungan Hidup
pak konflik warga udah berlangsung lama belum ada penyelesaian dari aparat minta tolong banget,keamanan,urgen,Satuan Polisi Pamong Praja
halo pemda gorong gorong jebol jalan ambles dalam banget berbahaya kami bgt terganggu,infrastruktur,sangat_urgen,Dinas Pekerjaan Umum
wabah dbd menyebar cepet udah 5 orang di rt kami positif harap segera ada tindakan,kesehatan,sangat_urgen,Dinas Kesehatan
laporan: jalan masuk komplek rusak parah susah dilalui motor minta tolong banget,infrastruktur,urgen,Dinas Pekerjaan Umum
lingkungan kami sekarang udah bersih makasih petugas kebersihan tolong cepet ditangani,administrasi,tidak_urgen,Dinas Kependudukan dan Catatan Sipil
pak got depan rumah mampet banjir kecil tiap hujan kami sangat terganggu,infrastruktur,urgen,Dinas Pekerjaan Umum
ada yang buang bangkai hewan di lahan kosong bau busuk minta ampun kami banget terganggu,kebersihan,urgen,Dinas Lingkungan Hidup
tolong limbah pabrik dibuang ke kali sumber air minum warga udah pada mual segera ya pak,kebersihan,sangat_urgen,Dinas Lingkungan Hidup
mau lapor nih jalan longsor nutup akses ke 3 desa warga ga bisa kemana mana,infrastruktur,sangat_urgen,Dinas Pekerjaan Umum
bu ambulans desa rusak ga bisa dipake warga ada yang sakit parah,kesehatan,sangat_urgen,Dinas Kesehatan
pengaduan: ada pembuangan limbah ilegal di dekat sekolah baunya menyengat kami bgt terganggu,kebersihan,sangat_urgen,Dinas Lingkungan Hidup
ruangan pelayanan dukcapil kurang nyaman ga ada ac,administrasi,biasa,Dinas Kependudukan dan Catatan Sipil
tempat sampah di taman rusak perlu diganti,kebersihan,biasa,Dinas Lingkungan Hidup
mau lapor nih pasien kritis ditolak igd rs daerah katanya penuh padahal darurat tolong cepet ditangani,kesehatan,sangat_urgen,Dinas Kesehatan
ktp saya udah 5 bulan belum jadi padahal semua syarat udah lengkap,administrasi,urgen,Dinas Kependudukan dan Catatan Sipil
mau lapor nih air pdam berasa aneh bau ga layak minum segera ya pak,kebersihan,sangat_urgen,Dinas Lingkungan Hidup
rel kereta ga ada pagarnya udah ada yang ketabrak minggu lalu,infrastruktur,sangat_urgen,Dinas Pekerjaan Umum
pak konflik warga udah berlangsung lama belum ada penyelesaian dari aparat udah lama nih,keamanan,urgen,Satuan Polisi Pamong Praja
halo pemda konflik warga udah berlangsung lama blm ada penyelesaian dari aparat udah lama nih,keamanan,urgen,Satuan Polisi Pamong Praja
pelayanan puskesmas kurang ramah perawatnya galak udah lama nih,kesehatan,biasa,Dinas Kesehatan
keracunan massal di kantin sekolah puluhan anak muntah muntah dibawa ke rs udah lama nih,kesehatan,sangat_urgen,Dinas Kesehatan
tolong tempat parkir rs daerah kurang luas sering penuh tolong cepet ditangani,kesehatan,biasa,Dinas Kesehatan
informasi syarat urus ktp di website ga update minta tolong banget,administrasi,biasa,Dinas Kependudukan dan Catatan Sipil
halo pemda kasus pencurian di komplek kami makin sering ga ada ronda,keamanan,urgen,Satuan Polisi Pamong Praja
sampah di tps udah meluber ke jalan bau banget lalat dimana mana,kebersihan,urgen,Dinas Lingkungan Hidup
bu jam buka puskesmas sering ga sesuai jadwal tolong cepet ditangani,kesehatan,biasa,Dinas Kesehatan
ibu hamil di desa kami susah akses bidan jaraknya jauh banget,kesehatan,urgen,Dinas Kesehatan
laporan: trotoar depan pasar rusak parah orang sering kesandung kami banget terganggu,infrastruktur,urgen,Dinas Pekerjaan Umum
halo pemda saluran irigasi sawah bocor petani rugi terus,infrastruktur,urgen,Dinas Pekerjaan Umum
sampah di tps udah meluber ke jalan bau banget lalat dimana mana harap segera ada tindakan,kebersihan,urgen,Dinas Lingkungan Hidup
mau lapor nih taman kota kotor banyak sampah dedaunan,kebersihan,biasa,Dinas Lingkungan Hidup
halo pemda premanisme di pasar makin merajalela pedagang resah segera ya pak,keamanan,urgen,Satuan Polisi Pamong Praja
akta kelahiran anak susah banget diurusnya syaratnya berbelit belit,administrasi,urgen,Dinas Kependudukan dan Catatan Sipil
mohon rel kereta ga ada pagarnya udah ada yang ketabrak minggu lalu tolong cepet ditangani,infrastruktur,sangat_urgen,Dinas Pekerjaan Umum
bu sampah di tps udah meluber ke jalan bau banget lalat dimana mana tolong cepet ditangani,kebersihan,urgen,Dinas Lingkungan Hidup
pengaduan: ruang tunggu puskesmas sempit dan panas ga ada kipas angin harap segera ada tindakan,kesehatan,biasa,Dinas Kesehatan
pengaduan: imunisasi anak di kelurahan kami ga jalan udah berbulan bulan minta tolong banget,kesehatan,urgen,Dinas Kesehatan
halo pemda ada pungutan liar di terminal oleh oknum preman udah lama nih,keamanan,urgen,Satuan Polisi Pamong Praja
tolong info jadwal dokter di puskesmas ga pernah diupdate segera ya pak,kesehatan,biasa,Dinas Kesehatan
mohon ada pembunuhan di kampung kami semalam pelaku masih berkeliaran warga takut kami sangat terganggu,keamanan,sangat_urgen,Satuan Polisi Pamong Praja
jalan berlubang gede di depan sekolah udah ada yang jatuh,infrastruktur,urgen,Dinas Pekerjaan Umum
saluran air kecil di gang agak tersumbat daun,infrastruktur,biasa,Dinas Pekerjaan Umum
pak ada kasus tbc menyebar di lingkungan padat penduduk butuh penanganan cepat segera ya pak,kesehatan,sangat_urgen,Dinas Kesehatan
pak urus izin usaha kecil dipersulit minta biaya yang ga jelas kami sangat terganggu,administrasi,urgen,Dinas Kependudukan dan Catatan Sipil
pak tempat sampah di halte bus udah penuh perlu dikosongkan udah lama nih,kebersihan,biasa,Dinas Lingkungan Hidup
pak saluran irigasi sawah bocor petani rugi terus kapan diselesaikan,infrastruktur,urgen,Dinas Pekerjaan Umum
jembatan di desa kami putus total udah ga bisa dilewati sama sekali kami sangat terganggu,infrastruktur,sangat_urgen,Dinas Pekerjaan Umum
ambulans desa rusak ga bisa dipake warga ada yang sakit parah,kesehatan,sangat_urgen,Dinas Kesehatan
bu warga banyak sesak napas akibat polusi pabrik terdekat harap segera ada tindakan,kesehatan,sangat_urgen,Dinas Kesehatan
mohon pak walikota salatiga keren banget programnya bagus harap segera ada tindakan,administrasi,tidak_urgen,Dinas Kependudukan dan Catatan Sipil
drainase mampet banjir tiap hujan deras,infrastruktur,urgen,Dinas Pekerjaan Umum
knalpot brong di jalanan bikin bising ganggu ketenangan warga,keamanan,biasa,Satuan Polisi Pamong Praja
halo pemda makasih ya udah benerin jalan di depan rumah kami kapan diselesaikan,administrasi,tidak_urgen,Dinas Kependudukan dan Catatan Sipil
laporan: ada beberapa warga yang buang sampah sembarangan di pinggir jalan minta tolong banget,kebersihan,biasa,Dinas Lingkungan Hidup
bu ambulans desa rusak ga bisa dipake warga ada yang sakit parah udah lama nih,kesehatan,sangat_urgen,Dinas Kesehatan
jambret hp terjadi siang hari di jalan ramai pelaku kabur,keamanan,urgen,Satuan Polisi Pamong Praja
pak selamat pagi pemda semoga makin maju kotanya udah lama nih,administrasi,tidak_urgen,Dinas Kependudukan dan Catatan Sipil
pak got kecil di depan rumah agak mampet minta tolong banget,infrastruktur,biasa,Dinas Pekerjaan Umum
laporan: warga bakar sampah tiap hari asapnya masuk ke rumah ganggu pernapasan harap segera ada tindakan,kebersihan,urgen,Dinas Lingkungan Hidup
tempat hiburan malam berisik ganggu warga sekitar tiap malam minggu,keamanan,biasa,Satuan Polisi Pamong Praja
bu mantep deh pemda udah cepet nanggepin keluhan warga minta tolong banget,administrasi,tidak_urgen,Dinas Kependudukan dan Catatan Sipil
pak got besar penuh sampah plastik banjir kalo ujan segera ya pak,kebersihan,urgen,Dinas Lingkungan Hidup
lampu taman di alun alun beberapa yang mati tolong cepet ditangani,infrastruktur,biasa,Dinas Pekerjaan Umum
rambu lalu lintas di tikungan tajam hilang ga ada gantinya,infrastruktur,urgen,Dinas Pekerjaan Umum
mau lapor nih cat jembatan udah kusam perlu dicat ulang,infrastruktur,biasa,Dinas Pekerjaan Umum
bayi gizi buruk parah di desa kami butuh bantuan segera,kesehatan,sangat_urgen,Dinas Kesehatan
halo pemda formulir pendaftaran di kelurahan susah didapat,administrasi,biasa,Dinas Kependudukan dan Catatan Sipil
tolong sampah medis bekas jarum suntik berserakan di taman bermain anak tolong cepet ditangani,kebersihan,sangat_urgen,Dinas Lingkungan Hidup
halo pemda lampu merah di perempatan rusak rawan kecelakaan udah lama nih,infrastruktur,urgen,Dinas Pekerjaan Umum
dana desa ga transparan warga ga tau dipake untuk apa aja segera ya pak,administrasi,urgen,Dinas Kependudukan dan Catatan Sipil
tolong got kecil di depan rumah agak mampet,infrastruktur,biasa,Dinas Pekerjaan Umum
halo pemda pohon besar tumbang nutupin jalan utama ga bisa dilewati segera ya pak,infrastruktur,sangat_urgen,Dinas Pekerjaan Umum
jalan kampung kami belum diaspal becek banget kalo ujan,infrastruktur,urgen,Dinas Pekerjaan Umum
pak dana desa ga transparan warga ga tau dipake untuk apa aja,administrasi,urgen,Dinas Kependudukan dan Catatan Sipil
ada kelompok yang sering bikin keributan di malam hari ganggu warga kami bgt terganggu,keamanan,urgen,Satuan Polisi Pamong Praja
pak keracunan massal di kantin sekolah puluhan anak muntah muntah dibawa ke rs mohon ditindak,kesehatan,sangat_urgen,Dinas Kesehatan
jalan di komplek ada yang berlubang kecil,infrastruktur,biasa,Dinas Pekerjaan Umum
bu papan pengumuman di kantor kelurahan jarang diupdate,administrasi,biasa,Dinas Kependudukan dan Catatan Sipil
laporan: tempat parkir rs daerah kurang luas sering penuh tolong cepet ditangani,kesehatan,biasa,Dinas Kesehatan
halo pemda ada kasus meningitis di kampung kami 3 orang udah masuk icu kami sangat terganggu,kesehatan,sangat_urgen,Dinas Kesehatan
laporan: puskesmas pembantu tutup ga ada tenaga kesehatan sama sekali,kesehatan,urgen,Dinas Kesehatan
fasilitas toilet di puskesmas kurang bersih,kesehatan,biasa,Dinas Kesehatan
jalan di komplek ada yang berlubang kecil udah lama nih,infrastruktur,biasa,Dinas Pekerjaan Umum
tempat parkir rs daerah kurang luas sering penuh tolong cepet ditangani,kesehatan,biasa,Dinas Kesehatan
pengaduan: jalan amblas dalem banget motor aku sampe jatuh tadi malem,infrastruktur,sangat_urgen,Dinas Pekerjaan Umum
ruang tunggu puskesmas sempit dan panas ga ada kipas angin segera ya pak,kesehatan,biasa,Dinas Kesehatan
halo pemda ada pembunuhan di kampung kami semalam pelaku masih berkeliaran warga takut minta tolong banget,keamanan,sangat_urgen,Satuan Polisi Pamong Praja
tolong klinik desa ga ada dokter tetap cuma ada perawat udah lama nih,kesehatan,urgen,Dinas Kesehatan
halo pemda bpjs saya dinonaktifkan padahal iuran selalu bayar tepat waktu,administrasi,urgen,Dinas Kependudukan dan Catatan Sipil
lampu taman di alun alun beberapa yang mati,infrastruktur,biasa,Dinas Pekerjaan Umum
truk sampah ga pernah dateng ke rt kami udah 2 minggu numpuk,kebersihan,urgen,Dinas Lingkungan Hidup
bu got kecil di depan rumah agak mampet,infrastruktur,biasa,Dinas Pekerjaan Umum
mau lapor nih ruang tunggu puskesmas sempit dan panas ga ada kipas angin minta tolong banget,kesehatan,biasa,Dinas Kesehatan
pengaduan: warga buanyak sesak napas akibat polusi pabrik terdekat segera ya pak,kesehatan,sangat_urgen,Dinas Kesehatan
mohon pohon besar tumbang nutupin jalan utama ga bisa dilewati kapan diselesaikan,infrastruktur,sangat_urgen,Dinas Pekerjaan Umum
bu jalan desa kami berlubang-lubang parah apalagi musim hujan kami sangat terganggu,infrastruktur,urgen,Dinas Pekerjaan Umum
pengaduan: jam buka puskesmas sering ga sesuai jadwal,kesehatan,biasa,Dinas Kesehatan
bu jalan berlubang gede di depan sekolah udah ada yang jatuh kami sangat terganggu,infrastruktur,urgen,Dinas Pekerjaan Umum
pak ada pembuangan limbah ilegal di dekat sekolah baunya menyengat udah lama nih,kebersihan,sangat_urgen,Dinas Lingkungan Hidup
wabah dbd menyebar cepet udah 5 orang di rt kami positif kapan diselesaikan,kesehatan,sangat_urgen,Dinas Kesehatan
dana desa ga transparan warga ga tau dipake untuk apa aja,administrasi,urgen,Dinas Kependudukan dan Catatan Sipil
jalan longsor nutup akses ke 3 desa warga ga bisa kemana mana tolong cepet ditangani,infrastruktur,sangat_urgen,Dinas Pekerjaan Umum
pengaduan: selokan penuh sampah plastik air meluap ke jalan,kebersihan,urgen,Dinas Lingkungan Hidup
mohon tempat hiburan malam berisik ganggu warga sekitar tiap malam minggu udah lama nih,keamanan,biasa,Satuan Polisi Pamong Praja
laporan: pasien kritis ditolak igd rs daerah katanya penuh padahal darurat kapan diselesaikan,kesehatan,sangat_urgen,Dinas Kesehatan
mohon ibu hamil mau melahirkan ga ada bidan desanya ga hadir segera ya pak,kesehatan,sangat_urgen,Dinas Kesehatan
aspal di depan rumah saya mengelupas,infrastruktur,biasa,Dinas Pekerjaan Umum
laporan: trotoar depan pasar rusak parah orang sering kesandung mohon ditindak,infrastruktur,urgen,Dinas Pekerjaan Umum
lampu jalan di gang kami mati udah 2 minggu gelap bgt malem segera ya pak,infrastruktur,urgen,Dinas Pekerjaan Umum
tolong begal bunuh pengendara motor tadi malem di jalan gelap deket desa kami,keamanan,sangat_urgen,Satuan Polisi Pamong Praja
formulir pendaftaran di kelurahan susah didapat,administrasi,biasa,Dinas Kependudukan dan Catatan Sipil
laporan: pemkot salatiga keren programnya pro rakyat,administrasi,tidak_urgen,Dinas Kependudukan dan Catatan Sipil
tolong lingkungan rt kurang bersih perlu kerja bakti harap segera ada tindakan,kebersihan,biasa,Dinas Lingkungan Hidup
mau lapor nih tempat sampah di taman rusak perlu diganti harap segera ada tindakan,kebersihan,biasa,Dinas Lingkungan Hidup
laporan: pasien rujukan ditolak rs tanpa alasan yang jelas kami sangat terganggu,kesehatan,urgen,Dinas Kesehatan
obat obatan di puskesmas sering kosong pasien disuruh beli sendiri minta tolong banget,kesehatan,urgen,Dinas Kesehatan
tolong tumpukan sampah terbakar asapnya tebal masuk ke rumah warga sesak napas kami sangat terganggu,kebersihan,sangat_urgen,Dinas Lingkungan Hidup
jembatan gantung mau putus nih kabelnya udah pada karatan mohon ditindak,infrastruktur,sangat_urgen,Dinas Pekerjaan Umum
tempat sampah di halte bus udah penuh perlu dikosongkan,kebersihan,biasa,Dinas Lingkungan Hidup
bank sampah di kelurahan kami ga jalan mohon ditindak,kebersihan,biasa,Dinas Lingkungan Hidup
terimakasih sudah mengadakan kegiatan bersih bersih di lingkungan kami,administrasi,tidak_urgen,Dinas Kependudukan dan Catatan Sipil
trotoar depan pasar rusak parah orang sering kesandung harap segera ada tindakan,infrastruktur,urgen,Dinas Pekerjaan Umum
pengaduan: truk sampah ga pernah dateng ke rt kami udah 2 minggu numpuk harap segera ada tindakan,kebersihan,urgen,Dinas Lingkungan Hidup
pelayanan puskesmas kurang ramah perawatnya galak mohon ditindak,kesehatan,biasa,Dinas Kesehatan
pengaduan: got meluap banjir masuk rumah warga udah setinggi lutut mohon ditindak,infrastruktur,sangat_urgen,Dinas Pekerjaan Umum
got besar penuh sampah plastik banjir kalo ujan,kebersihan,urgen,Dinas Lingkungan Hidup
mohon penculikan anak terjadi di dekat sekolah dasar tolong segera ditangani harap segera ada tindakan,keamanan,sangat_urgen,Satuan Polisi Pamong Praja
bu informasi syarat urus ktp di website ga update segera ya pak,administrasi,biasa,Dinas Kependudukan dan Catatan Sipil
halo pemda selamat pagi pemda semoga makin maju kotanya,administrasi,tidak_urgen,Dinas Kependudukan dan Catatan Sipil
pengaduan: sampah medis bekas jarum suntik berserakan di taman bermain anak,kebersihan,sangat_urgen,Dinas Lingkungan Hidup
lingkungan kami sekarang udah bersih makasih petugas kebersihan harap segera ada tindakan,administrasi,tidak_urgen,Dinas Kependudukan dan Catatan Sipil
tps liar di pinggir jalan numpuk ga pernah diangkut nyamuk banyak,kebersihan,urgen,Dinas Lingkungan Hidup
ada ancaman bom di pasar warga pada lari,keamanan,sangat_urgen,Satuan Polisi Pamong Praja
pak kk kami salah data nama anak ketuker udah lapor berkali kali ga diperbaiki tolong cepet ditangani,administrasi,urgen,Dinas Kependudukan dan Catatan Sipil
antrian puskesmas ga teratur pasien lansia berdiri berjam jam kapan diselesaikan,kesehatan,urgen,Dinas Kesehatan
mohon begal bunuh pengendara motor tadi malem di jalan gelap deket desa kami kami sangat terganggu,keamanan,sangat_urgen,Satuan Polisi Pamong Praja
mau lapor nih wabah dbd menyebar cepet udah 5 orang di rt kami positif,kesehatan,sangat_urgen,Dinas Kesehatan
dokter puskesmas sering bolos pasien numpuk ga ada yang meriksa kapan diselesaikan,kesehatan,urgen,Dinas Kesehatan
tempat parkir rs daerah kurang luas sering penuh,kesehatan,biasa,Dinas Kesehatan
pak air sumur warga berubah warna bau kimia diduga tercemar pabrik,kebersihan,sangat_urgen,Dinas Lingkungan Hidup
sktm buat daftar sekolah ga bisa didapat harus nyogok dulu mohon ditindak,administrasi,urgen,Dinas Kependudukan dan Catatan Sipil
remaja di bawah umur terlibat tawuran bawa celurit ada yang masuk ugd udah lama nih,keamanan,sangat_urgen,Satuan Polisi Pamong Praja
urus izin usaha kecil dipersulit minta biaya yang ga jelas harap segera ada tindakan,administrasi,urgen,Dinas Kependudukan dan Catatan Sipil
tumpukan sampah di gang belakang makin tinggi ga ada yang angkut mohon ditindak,kebersihan,urgen,Dinas Lingkungan Hidup
halo pemda jalan di komplek ada yang berlubang kecil harap segera ada tindakan,infrastruktur,biasa,Dinas Pekerjaan Umum
mau lapor nih sampah di tps udah meluber ke jalan bau banget lalat dimana mana kami sangat terganggu,kebersihan,urgen,Dinas Lingkungan Hidup
mohon kasus pencurian di komplek kami makin sering ga ada ronda segera ya pak,keamanan,urgen,Satuan Polisi Pamong Praja
bu saluran air kecil di gang agak tersumbat daun,infrastruktur,biasa,Dinas Pekerjaan Umum
pengaduan: fasilitas toilet di puskesmas kurang bersih tolong cepet ditangani,kesehatan,biasa,Dinas Kesehatan
maling motor udah masuk ke perumahan kami 3x dalam sebulan ini,keamanan,urgen,Satuan Polisi Pamong Praja
lingkungan kami sekarang udah bersih makasih petugas kebersihan mohon ditindak,administrasi,tidak_urgen,Dinas Kependudukan dan Catatan Sipil
tolong pelayanan bpjs dipersulit padahal kartu aktif dan iuran rutin bayar kami sangat terganggu,kesehatan,urgen,Dinas Kesehatan
halo pemda sampah plastik banyak berserakan di pinggir kali kapan diselesaikan,kebersihan,biasa,Dinas Lingkungan Hidup
ada kasus meningitis di kampung kami 3 orang udah masuk icu kami sangat terganggu,kesehatan,sangat_urgen,Dinas Kesehatan
mau lapor nih tempat parkir rs daerah kurang luas sering penuh kapan diselesaikan,kesehatan,biasa,Dinas Kesehatan
penerangan jalan umum di jalan protokol banyak yang mati,infrastruktur,urgen,Dinas Pekerjaan Umum
pak aspal di depan rumah saya mengelupas udah lama nih,infrastruktur,biasa,Dinas Pekerjaan Umum
ada pengedar narkoba di lingkungan kami udah lapor tapi belum ada tindakan,keamanan,urgen,Satuan Polisi Pamong Praja
tolong wabah diare menyebar di desa kami udah 20 orang kena termasuk balita kapan diselesaikan,kesehatan,sangat_urgen,Dinas Kesehatan
mohon begal sering beroperasi di jalan alternatif desa ga ada patroli,keamanan,urgen,Satuan Polisi Pamong Praja
ada pungutan liar di terminal oleh oknum preman,keamanan,urgen,Satuan Polisi Pamong Praja
pengaduan: rambu lalu lintas di tikungan tajam hilang ga ada gantinya,infrastruktur,urgen,Dinas Pekerjaan Umum
halo pemda jalan amblas dalem banget motor aku sampe jatuh tadi malem minta tolong banget,infrastruktur,sangat_urgen,Dinas Pekerjaan Umum
pak got depan rumah mampet banjir kecil tiap hujan segera ya pak,infrastruktur,urgen,Dinas Pekerjaan Umum
pak akta kelahiran anak susah banget diurusnya syaratnya berbelit belit harap segera ada tindakan,administrasi,urgen,Dinas Kependudukan dan Catatan Sipil
ibu hamil mau melahirkan ga ada bidan desanya ga hadir mohon ditindak,kesehatan,sangat_urgen,Dinas Kesehatan
halo pemda ada pengedar narkoba di lingkungan kami udah lapor tapi belum ada tindakan,keamanan,urgen,Satuan Polisi Pamong Praja
halo pemda pengajuan beasiswa ga diproses padahal syarat lengkap dan nilai bagus tolong cepet ditangani,administrasi,urgen,Dinas Kependudukan dan Catatan Sipil
pengaduan: klinik desa ga ada dokter tetap cuma ada perawat harap segera ada tindakan,kesehatan,urgen,Dinas Kesehatan
penertiban pkl ga konsisten balik lagi besoknya,keamanan,biasa,Satuan Polisi Pamong Praja
bu begal sering beroperasi di jalan alternatif desa ga ada patroli minta tolong banget,keamanan,urgen,Satuan Polisi Pamong Praja
papan nama jalan udah pudar susah dibaca,infrastruktur,biasa,Dinas Pekerjaan Umum
mohon got meluap banjir masuk rumah warga udah setinggi lutut,infrastruktur,sangat_urgen,Dinas Pekerjaan Umum
pohon besar tumbang nutupin jalan utama ga bisa dilewati segera ya pak,infrastruktur,sangat_urgen,Dinas Pekerjaan Umum
laporan: pohon besar tumbang nutupin jalan utama ga bisa dilewati segera ya pak,infrastruktur,sangat_urgen,Dinas Pekerjaan Umum
pengaduan: jalan kampung kami belum diaspal becek banget kalo ujan harap segera ada tindakan,infrastruktur,urgen,Dinas Pekerjaan Umum
pak bahu jalan agak rusak butuh perbaikan,infrastruktur,biasa,Dinas Pekerjaan Umum
tolong remaja di bawah umur terlibat tawuran bawa celurit ada yang masuk ugd udah lama nih,keamanan,sangat_urgen,Satuan Polisi Pamong Praja
laporan: lampu merah di perempatan rusak rawan kecelakaan kapan diselesaikan,infrastruktur,urgen,Dinas Pekerjaan Umum
mau lapor nih tiang listrik mau roboh nih nempel ke pohon rawan banget kena angin,infrastruktur,sangat_urgen,Dinas Pekerjaan Umum
pengaduan: wabah dbd menyebar cepet udah 5 orang di rt kami positif,kesehatan,sangat_urgen,Dinas Kesehatan
loket pelayanan ktp cuma buka sampai jam 11 terlalu singkat,administrasi,biasa,Dinas Kependudukan dan Catatan Sipil
mohon air sumur warga berubah warna bau kimia diduga tercemar pabrik,kebersihan,sangat_urgen,Dinas Lingkungan Hidup
laporan: ada beberapa warga yang buang sampah sembarangan di pinggir jalan,kebersihan,biasa,Dinas Lingkungan Hidup
imunisasi anak di kelurahan kami ga jalan udah berbulan bulan,kesehatan,urgen,Dinas Kesehatan
loket pendaftaran puskesmas prosesnya lama banget harap segera ada tindakan,kesehatan,biasa,Dinas Kesehatan
pak ijazah anak ditahan sekolah karena masalah administrasi kapan diselesaikan,administrasi,urgen,Dinas Kependudukan dan Catatan Sipil
mohon ada pembunuhan di kampung kami semalam pelaku masih berkeliaran warga takut udah lama nih,keamanan,sangat_urgen,Satuan Polisi Pamong Praja
pengaduan: air sumur warga berubah warna bau kimia diduga tercemar pabrik kami sangat terganggu,kebersihan,sangat_urgen,Dinas Lingkungan Hidup
acara agustusan di kelurahan seru banget makasih pak rt segera ya pak,administrasi,tidak_urgen,Dinas Kependudukan dan Catatan Sipil
salut sama kerja keras pak lurah kami,administrasi,tidak_urgen,Dinas Kependudukan dan Catatan Sipil
mau lapor nih pemkot salatiga keren programnya pro rakyat minta tolong banget,administrasi,tidak_urgen,Dinas Kependudukan dan Catatan Sipil
tumpukan sampah di gang belakang makin tinggi ga ada yang angkut segera ya pak,kebersihan,urgen,Dinas Lingkungan Hidup
ada beberapa warga yang buang sampah sembarangan di pinggir jalan,kebersihan,biasa,Dinas Lingkungan Hidup
jembatan gantung mau putus nih kabelnya udah pada karatan,infrastruktur,sangat_urgen,Dinas Pekerjaan Umum
ruang tunggu puskesmas sempit dan panas ga ada kipas angin,kesehatan,biasa,Dinas Kesehatan
mau lapor nih tumpukan sampah di gang belakang makin tinggi ga ada yang angkut minta tolong banget,kebersihan,urgen,Dinas Lingkungan Hidup
pak walikota salatiga keren banget programnya bagus,administrasi,tidak_urgen,Dinas Kependudukan dan Catatan Sipil
ada pembunuhan di kampung kami semalam pelaku masih berkeliaran warga takut,keamanan,sangat_urgen,Satuan Polisi Pamong Praja
tolong penerangan jalan minim banget malem gelap gulita rawan kejahatan kami sangat terganggu,keamanan,urgen,Satuan Polisi Pamong Praja
bu terimakasih sudah mengadakan kegiatan bersih bersih di lingkungan kami mohon ditindak,administrasi,tidak_urgen,Dinas Kependudukan dan Catatan Sipil
got depan rumah agak kotor perlu dikuras,kebersihan,biasa,Dinas Lingkungan Hidup
mau lapor nih pkl di trotoar bikin macet dan ganggu lalu lintas kapan diselesaikan,keamanan,biasa,Satuan Polisi Pamong Praja
mohon jalan amblas dalem banget motor aku sampe jatuh tadi malem tolong cepet ditangani,infrastruktur,sangat_urgen,Dinas Pekerjaan Umum
mohon selokan penuh sampah plastik air meluap ke jalan harap segera ada tindakan,kebersihan,urgen,Dinas Lingkungan Hidup
bu jalan longsor nutup akses ke 3 desa warga ga bisa kemana mana udah lama nih,infrastruktur,sangat_urgen,Dinas Pekerjaan Umum
sertifikat tanah saya ga kunjung kelar udah setaun nunggu,administrasi,urgen,Dinas Kependudukan dan Catatan Sipil
halo pemda tempat hiburan malam berisik ganggu warga sekitar tiap malam minggu segera ya pak,keamanan,biasa,Satuan Polisi Pamong Praja
pengaduan: fogging dbd ga pernah dilakukan padahal kasus terus naik,kesehatan,urgen,Dinas Kesehatan
penculikan anak terjadi di dekat sekolah dasar tolong segera ditangani,keamanan,sangat_urgen,Satuan Polisi Pamong Praja
halo pemda tumpukan sampah terbakar asapnya tebal masuk ke rumah warga sesak napas,kebersihan,sangat_urgen,Dinas Lingkungan Hidup
halo pemda dana desa ga transparan warga ga tau dipake untuk apa aja kapan diselesaikan,administrasi,urgen,Dinas Kependudukan dan Catatan Sipil
halo pemda rambu lalu lintas di tikungan tajam hilang ga ada gantinya udah lama nih,infrastruktur,urgen,Dinas Pekerjaan Umum
bu papan pengumuman di kantor kelurahan jarang diupdate kapan diselesaikan,administrasi,biasa,Dinas Kependudukan dan Catatan Sipil
bansos ga tepat sasaran tetangga saya mampu dapat saya yang susah malah ga dapat kapan diselesaikan,administrasi,urgen,Dinas Kependudukan dan Catatan Sipil
laporan: taman kota kotor banyak sampah dedaunan tolong cepet ditangani,kebersihan,biasa,Dinas Lingkungan Hidup
sampah medis bekas jarum suntik berserakan di taman bermain anak,kebersihan,sangat_urgen,Dinas Lingkungan Hidup
ijazah anak ditahan sekolah karena masalah administrasi mohon ditindak,administrasi,urgen,Dinas Kependudukan dan Catatan Sipil
laporan: paving block di trotoar ada beberapa yang copot minta tolong banget,infrastruktur,biasa,Dinas Pekerjaan Umum
saluran irigasi sawah bocor petani rugi terus,infrastruktur,urgen,Dinas Pekerjaan Umum
bu obat obatan di puskesmas sering kosong pasien disuruh beli sendiri harap segera ada tindakan,kesehatan,urgen,Dinas Kesehatan
laporan: got depan rumah agak kotor perlu dikuras harap segera ada tindakan,kebersihan,biasa,Dinas Lingkungan Hidup
bu lampu merah di perempatan rusak rawan kecelakaan,infrastruktur,urgen,Dinas Pekerjaan Umum
peredaran narkoba terang terangan di dekat sekolah anak anak kita terancam minta tolong banget,keamanan,sangat_urgen,Satuan Polisi Pamong Praja
limbah kimia ngalir ke sawah tanaman warga pada mati udah lama nih,kebersihan,sangat_urgen,Dinas Lingkungan Hidup
pengaduan: petugas kebersihan jarang masuk ke gang kami kami sangat terganggu,kebersihan,biasa,Dinas Lingkungan Hidup
tps liar di pinggir jalan numpuk ga pernah diangkut nyamuk banyak udah lama nih,kebersihan,urgen,Dinas Lingkungan Hidup
pak got depan rumah mampet banjir kecil tiap hujan mohon ditindak,infrastruktur,urgen,Dinas Pekerjaan Umum
pengaduan: tawuran pakai senjata tajam ada korban luka parah butuh penanganan segera segera ya pak,keamanan,sangat_urgen,Satuan Polisi Pamong Praja
cat marka jalan udah pudar ga keliatan,infrastruktur,biasa,Dinas Pekerjaan Umum
trotoar di jalan ahmad yani retak retak,infrastruktur,biasa,Dinas Pekerjaan Umum
pak loket pelayanan ktp cuma buka sampai jam 11 terlalu singkat,administrasi,biasa,Dinas Kependudukan dan Catatan Sipil
mau lapor nih bank sampah di kelurahan kami ga jalan tolong cepet ditangani,kebersihan,biasa,Dinas Lingkungan Hidup
tps liar di pinggir jalan numpuk ga pernah diangkut nyamuk banyak mohon ditindak,kebersihan,urgen,Dinas Lingkungan Hidup
jembatan di desa kami putus total udah ga bisa dilewati sama sekali,infrastruktur,sangat_urgen,Dinas Pekerjaan Umum
mohon penertiban pkl ga konsisten balik lagi besoknya harap segera ada tindakan,keamanan,biasa,Satuan Polisi Pamong Praja
pengaduan: dokter puskesmas sering bolos pasien numpuk ga ada yang meriksa,kesehatan,urgen,Dinas Kesehatan
mau lapor nih peredaran narkoba terang terangan di dekat sekolah anak anak kita terancam segera ya pak,keamanan,sangat_urgen,Satuan Polisi Pamong Praja
cat marka jalan udah pudar ga keliatan tolong cepet ditangani,infrastruktur,biasa,Dinas Pekerjaan Umum
pak ada yang buang bangkai hewan di lahan kosong bau busuk minta ampun udah lama nih,kebersihan,urgen,Dinas Lingkungan Hidup
ibu hamil mau melahirkan ga ada bidan desanya ga hadir,kesehatan,sangat_urgen,Dinas Kesehatan
warga banyak sesak napas akibat polusi pabrik terdekat,kesehatan,sangat_urgen,Dinas Kesehatan
mau lapor nih petugas kebersihan jarang masuk ke gang kami,kebersihan,biasa,Dinas Lingkungan Hidup
mohon mantep deh pemda udah cepet nanggepin keluhan warga kami bgt terganggu,administrasi,tidak_urgen,Dinas Kependudukan dan Catatan Sipil
parkir liar di depan toko halangi pejalan kaki harap segera ada tindakan,keamanan,biasa,Satuan Polisi Pamong Praja
halo pemda motor parkir sembarangan di badan jalan ganggu arus lalu lintas,keamanan,biasa,Satuan Polisi Pamong Praja
pak ada pengedar narkoba di lingkungan kami udah lapor tapi blm ada tindakan tolong cepet ditangani,keamanan,urgen,Satuan Polisi Pamong Praja
tolong sampah berserakan di depan minimarket ga ada yang bersihin harap segera ada tindakan,kebersihan,biasa,Dinas Lingkungan Hidup
halo pemda tempat hiburan malam berisik ganggu warga sekitar tiap malam minggu,keamanan,biasa,Satuan Polisi Pamong Praja
laporan: sampah plastik banyak berserakan di pinggir kali udah lama nih,kebersihan,biasa,Dinas Lingkungan Hidup
wabah diare menyebar di desa kami udah 20 orang kena termasuk balita,kesehatan,sangat_urgen,Dinas Kesehatan
tolong gorong gorong jebol jalan ambles dalam banget berbahaya,infrastruktur,sangat_urgen,Dinas Pekerjaan Umum
ada pembuangan limbah ilegal di dekat sekolah baunya menyengat,kebersihan,sangat_urgen,Dinas Lingkungan Hidup
tolong knalpot brong di jalanan bikin bising ganggu ketenangan warga,keamanan,biasa,Satuan Polisi Pamong Praja
penculikan anak terjadi di dekat sekolah dasar tolong segera ditangani minta tolong banget,keamanan,sangat_urgen,Satuan Polisi Pamong Praja
pengaduan: jalan desa kami berlubang-lubang parah apalagi musim hujan udah lama nih,infrastruktur,urgen,Dinas Pekerjaan Umum
laporan: ktp saya udah 5 bulan belum jadi padahal semua syarat udah lengkap kami sangat terganggu,administrasi,urgen,Dinas Kependudukan dan Catatan Sipil
halo pemda pengajuan beasiswa ga diproses padahal syarat lengkap dan nilai bagus minta tolong banget,administrasi,urgen,Dinas Kependudukan dan Catatan Sipil
tolong ada kelompok yang sering bikin keributan di malam hari ganggu warga,keamanan,urgen,Satuan Polisi Pamong Praja
posyandu ga aktif udah 4 bulan balita ga ada yang pantau tumbuh kembangnya minta tolong banget,kesehatan,urgen,Dinas Kesehatan
pengaduan: begal sering beroperasi di jalan alternatif desa ga ada patroli kapan diselesaikan,keamanan,urgen,Satuan Polisi Pamong Praja
urus izin usaha kecil dipersulit minta biaya yang ga jelas,administrasi,urgen,Dinas Kependudukan dan Catatan Sipil
ruangan pelayanan dukcapil kurang nyaman ga ada ac kapan diselesaikan,administrasi,biasa,Dinas Kependudukan dan Catatan Sipil
air sumur warga berubah warna bau kimia diduga tercemar pabrik,kebersihan,sangat_urgen,Dinas Lingkungan Hidup
lingkungan rt kurang bersih perlu kerja bakti minta tolong banget,kebersihan,biasa,Dinas Lingkungan Hidup
laporan: penerangan jalan minim banget malem gelap gulita rawan kejahatan minta tolong banget,keamanan,urgen,Satuan Polisi Pamong Praja
bangunan liar di lahan fasilitas umum ga ada penertiban,keamanan,biasa,Satuan Polisi Pamong Praja
halo pemda lampu taman di alun alun beberapa yang mati segera ya pak,infrastruktur,biasa,Dinas Pekerjaan Umum
laporan: halte bus atapnya bocor ujan masuk udah lama nih,infrastruktur,biasa,Dinas Pekerjaan Umum
bu nomor antrian di kantor kecamatan sistemnya masih manual,administrasi,biasa,Dinas Kependudukan dan Catatan Sipil
mohon ada ancaman bom di pasar warga pada lari kami sangat terganggu,keamanan,sangat_urgen,Satuan Polisi Pamong Praja
limbah kimia ngalir ke sawah tanaman warga pada mati,kebersihan,sangat_urgen,Dinas Lingkungan Hidup
laporan: halo pak bupati semoga sehat selalu dan sukses,administrasi,tidak_urgen,Dinas Kependudukan dan Catatan Sipil
pengaduan: fasilitas toilet di puskesmas kurang bersih mohon ditindak,kesehatan,biasa,Dinas Kesehatan
pelayanan bpjs dipersulit padahal kartu aktif dan iuran rutin bayar,kesehatan,urgen,Dinas Kesehatan
halo pemda ada pedagang yang jualan di badan jalan bahayain pengendara segera ya pak,keamanan,biasa,Satuan Polisi Pamong Praja
pasien kritis ditolak igd rs daerah katanya penuh padahal darurat harap segera ada tindakan,kesehatan,sangat_urgen,Dinas Kesehatan
pengaduan: ada pungutan liar di terminal oleh oknum preman minta tolong banget,keamanan,urgen,Satuan Polisi Pamong Praja
papan nama jalan udah pudar susah dibaca tolong cepet ditangani,infrastruktur,biasa,Dinas Pekerjaan Umum
mohon papan nama jalan udah pudar susah dibaca segera ya pak,infrastruktur,biasa,Dinas Pekerjaan Umum
halo pemda fasilitas toilet di puskesmas kurang bersih segera ya pak,kesehatan,biasa,Dinas Kesehatan
pasien kritis ditolak igd rs daerah katanya penuh padahal darurat,kesehatan,sangat_urgen,Dinas Kesehatan
pengaduan: jembatan gantung mau putus nih kabelnya udah pada karatan,infrastruktur,sangat_urgen,Dinas Pekerjaan Umum
pengaduan: limbah pabrik dibuang ke kali sumber air minum warga udah pada mual tolong cepet ditangani,kebersihan,sangat_urgen,Dinas Lingkungan Hidup
laporan: papan pengumuman di kantor kelurahan jarang diupdate kami sangat terganggu,administrasi,biasa,Dinas Kependudukan dan Catatan Sipil
pak wabah diare menyebar di desa kami udah 20 orang kena termasuk balita kami sangat terganggu,kesehatan,sangat_urgen,Dinas Kesehatan
konflik warga udah berlangsung lama blm ada penyelesaian dari aparat udah lama nih,keamanan,urgen,Satuan Polisi Pamong Praja
tiang listrik mau roboh nih nempel ke pohon rawan banget kena angin kapan diselesaikan,infrastruktur,sangat_urgen,Dinas Pekerjaan Umum
sampah plastik banyak berserakan di pinggir kali,kebersihan,biasa,Dinas Lingkungan Hidup
ibu hamil mau melahirkan ga ada bidan desanya ga hadir udah lama nih,kesehatan,sangat_urgen,Dinas Kesehatan
got meluap banjir masuk rumah warga udah setinggi lutut,infrastruktur,sangat_urgen,Dinas Pekerjaan Umum
laporan: bahu jalan agak rusak butuh perbaikan udah lama nih,infrastruktur,biasa,Dinas Pekerjaan Umum
jembatan retak parah goyang kalo dilewati truk kami sangat terganggu,infrastruktur,sangat_urgen,Dinas Pekerjaan Umum
mau lapor nih loket pendaftaran puskesmas prosesnya lama banget udah lama nih,kesehatan,biasa,Dinas Kesehatan
selokan penuh sampah plastik air meluap ke jalan,kebersihan,urgen,Dinas Lingkungan Hidup
tempat sampah di halte bus udah penuh perlu dikosongkan segera ya pak,kebersihan,biasa,Dinas Lingkungan Hidup
pengaduan: pkl di trotoar bikin macet dan ganggu lalu lintas,keamanan,biasa,Satuan Polisi Pamong Praja
pak petugas kebersihan jarang masuk ke gang kami,kebersihan,biasa,Dinas Lingkungan Hidup
paving block di trotoar ada beberapa yang copot mohon ditindak,infrastruktur,biasa,Dinas Pekerjaan Umum
bu trotoar di jalan ahmad yani retak retak kapan diselesaikan,infrastruktur,biasa,Dinas Pekerjaan Umum
halo pemda bansos ga tepat sasaran tetangga saya mampu dapat saya yang susah malah ga dapat segera ya pak,administrasi,urgen,Dinas Kependudukan dan Catatan Sipil
pengaduan: ambulans desa rusak ga bisa dipake warga ada yang sakit parah segera ya pak,kesehatan,sangat_urgen,Dinas Kesehatan
bank sampah di kelurahan kami ga jalan tolong cepet ditangani,kebersihan,biasa,Dinas Lingkungan Hidup
aspal di depan rumah saya mengelupas mohon ditindak,infrastruktur,biasa,Dinas Pekerjaan Umum
antrian puskesmas ga teratur pasien lansia berdiri berjam jam,kesehatan,urgen,Dinas Kesehatan
limbah pabrik dibuang ke kali sumber air minum warga udah pada mual mohon ditindak,kebersihan,sangat_urgen,Dinas Lingkungan Hidup
mau lapor nih pasien rujukan ditolak rs tanpa alasan yang jelas,kesehatan,urgen,Dinas Kesehatan
tolong jalan berlubang gede di depan sekolah udah ada yang jatuh udah lama nih,infrastruktur,urgen,Dinas Pekerjaan Umum
mau lapor nih loket pelayanan ktp cuma buka sampai jam 11 terlalu singkat mohon ditindak,administrasi,biasa,Dinas Kependudukan dan Catatan Sipil
got besar penuh sampah plastik banjir kalo ujan kapan diselesaikan,kebersihan,urgen,Dinas Lingkungan Hidup
taman kota kotor banyak sampah dedaunan,kebersihan,biasa,Dinas Lingkungan Hidup
jembatan gantung mau putus nih kabelnya udah pada karatan segera ya pak,infrastruktur,sangat_urgen,Dinas Pekerjaan Umum
ada pedagang yang jualan di badan jalan bahayain pengendara minta tolong banget,keamanan,biasa,Satuan Polisi Pamong Praja
bu pasien kritis ditolak igd rs daerah katanya penuh padahal darurat,kesehatan,sangat_urgen,Dinas Kesehatan
tumpukan sampah di gang belakang makin tinggi ga ada yang angkut,kebersihan,urgen,Dinas Lingkungan Hidup
pengaduan: makasih ya udah benerin jalan di depan rumah kami kami banget terganggu,administrasi,tidak_urgen,Dinas Kependudukan dan Catatan Sipil
pkl di trotoar bikin macet dan ganggu lalu lintas tolong cepet ditangani,keamanan,biasa,Satuan Polisi Pamong Praja
sungai butek item bau warga banyak yang kena penyakit kulit,kebersihan,sangat_urgen,Dinas Lingkungan Hidup
mantep deh pemda udah cepet nanggepin keluhan warga,administrasi,tidak_urgen,Dinas Kependudukan dan Catatan Sipil
mau lapor nih maling motor udah masuk ke perumahan kami 3x dalam sebulan ini minta tolong banget,keamanan,urgen,Satuan Polisi Pamong Praja
mohon lingkungan rt kurang bersih perlu kerja bakti udah lama nih,kebersihan,biasa,Dinas Lingkungan Hidup
bu halo pak bupati semoga sehat selalu dan sukses kapan diselesaikan,administrasi,tidak_urgen,Dinas Kependudukan dan Catatan Sipil
laporan: sktm buat daftar sekolah ga bisa didapat harus nyogok dulu udah lama nih,administrasi,urgen,Dinas Kependudukan dan Catatan Sipil
acara agustusan di kelurahan seru banget makasih pak rt,administrasi,tidak_urgen,Dinas Kependudukan dan Catatan Sipil
pak maling motor udah masuk ke perumahan kami 3x dalam sebulan ini,keamanan,urgen,Satuan Polisi Pamong Praja
tolong maling motor udah masuk ke perumahan kami 3x dalam sebulan ini minta tolong banget,keamanan,urgen,Satuan Polisi Pamong Praja
laporan: halo pak bupati semoga sehat selalu dan sukses kami sangat terganggu,administrasi,tidak_urgen,Dinas Kependudukan dan Catatan Sipil
jalan amblas dalem banget motor aku sampe jatuh tadi malem,infrastruktur,sangat_urgen,Dinas Pekerjaan Umum
ada pedagang yang jualan di badan jalan bahayain pengendara,keamanan,biasa,Satuan Polisi Pamong Praja
gorong gorong jebol jalan ambles dalam banget berbahaya,infrastruktur,sangat_urgen,Dinas Pekerjaan Umum
pak info jadwal dokter di puskesmas ga pernah diupdate minta tolong banget,kesehatan,biasa,Dinas Kesehatan
mohon penculikan anak terjadi di dekat sekolah dasar tolong segera ditangani tolong cepet ditangani,keamanan,sangat_urgen,Satuan Polisi Pamong Praja
bu limbah pabrik dibuang ke kali sumber air minum warga udah pada mual kami banget terganggu,kebersihan,sangat_urgen,Dinas Lingkungan Hidup
laporan: jembatan gantung mau putus nih kabelnya udah pada karatan tolong cepet ditangani,infrastruktur,sangat_urgen,Dinas Pekerjaan Umum
bu gorong gorong jebol jalan ambles dalam banget berbahaya minta tolong banget,infrastruktur,sangat_urgen,Dinas Pekerjaan Umum
penertiban pkl ga konsisten balik lagi besoknya udah lama nih,keamanan,biasa,Satuan Polisi Pamong Praja
laporan: premanisme di pasar makin merajalela pedagang resah segera ya pak,keamanan,urgen,Satuan Polisi Pamong Praja
pemkot salatiga keren programnya pro rakyat,administrasi,tidak_urgen,Dinas Kependudukan dan Catatan Sipil
pengaduan: pak walikota salatiga keren banget programnya bagus mohon ditindak,administrasi,tidak_urgen,Dinas Kependudukan dan Catatan Sipil
halo pemda keracunan massal di kantin sekolah puluhan anak muntah muntah dibawa ke rs,kesehatan,sangat_urgen,Dinas Kesehatan
pak ada pungutan liar di terminal oleh oknum preman mohon ditindak,keamanan,urgen,Satuan Polisi Pamong Praja
pak taman kota kotor banyak sampah dedaunan,kebersihan,biasa,Dinas Lingkungan Hidup
jalan masuk komplek rusak parah susah dilalui motor,infrastruktur,urgen,Dinas Pekerjaan Umum
bank sampah di kelurahan kami ga jalan,kebersihan,biasa,Dinas Lingkungan Hidup
laporan: formulir pendaftaran di kelurahan susah didapat udah lama nih,administrasi,biasa,Dinas Kependudukan dan Catatan Sipil
ada yang buang bangkai hewan di lahan kosong bau busuk minta ampun,kebersihan,urgen,Dinas Lingkungan Hidup
halo pemda got meluap banjir masuk rumah warga udah setinggi lutut tolong cepet ditangani,infrastruktur,sangat_urgen,Dinas Pekerjaan Umum
laporan: informasi syarat urus ktp di website ga update,administrasi,biasa,Dinas Kependudukan dan Catatan Sipil
tempat sampah di taman rusak perlu diganti mohon ditindak,kebersihan,biasa,Dinas Lingkungan Hidup
lampu jalan di gang kami mati udah 2 minggu gelap bgt malem,infrastruktur,urgen,Dinas Pekerjaan Umum
laporan: dokter puskesmas sering bolos pasien numpuk ga ada yang meriksa,kesehatan,urgen,Dinas Kesehatan
tolong ada yang buang bangkai hewan di lahan kosong bau busuk minta ampun kapan diselesaikan,kebersihan,urgen,Dinas Lingkungan Hidup
pak jembatan retak parah goyang kalo dilewati truk minta tolong banget,infrastruktur,sangat_urgen,Dinas Pekerjaan Umum
mohon cat jembatan udah kusam perlu dicat ulang tolong cepet ditangani,infrastruktur,biasa,Dinas Pekerjaan Umum
mau lapor nih tps liar di pinggir jalan numpuk ga pernah diangkut nyamuk banyak,kebersihan,urgen,Dinas Lingkungan Hidup
mohon fogging dbd ga pernah dilakukan padahal kasus terus naik kami sangat terganggu,kesehatan,urgen,Dinas Kesehatan
fogging dbd ga pernah dilakukan padahal kasus terus naik,kesehatan,urgen,Dinas Kesehatan
laporan: penertiban pkl ga konsisten balik lagi besoknya,keamanan,biasa,Satuan Polisi Pamong Praja
halo pemda trotoar di jalan ahmad yani retak retak harap segera ada tindakan,infrastruktur,biasa,Dinas Pekerjaan Umum
tolong sktm buat daftar sekolah ga bisa didapat harus nyogok dulu,administrasi,urgen,Dinas Kependudukan dan Catatan Sipil
laporan: sungai butek item bau warga banyak yang kena penyakit kulit minta tolong banget,kebersihan,sangat_urgen,Dinas Lingkungan Hidup
laporan: ada penembakan di daerah kami warga panik ga berani keluar rumah harap segera ada tindakan,keamanan,sangat_urgen,Satuan Polisi Pamong Praja
laporan: peredaran narkoba terang terangan di dekat sekolah anak anak kita terancam udah lama nih,keamanan,sangat_urgen,Satuan Polisi Pamong Praja
halo pak bupati semoga sehat selalu dan sukses,administrasi,tidak_urgen,Dinas Kependudukan dan Catatan Sipil
mohon salut sama kerja keras pak lurah kami,administrasi,tidak_urgen,Dinas Kependudukan dan Catatan Sipil
peredaran narkoba terang terangan di dekat sekolah anak anak kita terancam,keamanan,sangat_urgen,Satuan Polisi Pamong Praja
bu bangunan liar di lahan fasilitas umum ga ada penertiban udah lama nih,keamanan,biasa,Satuan Polisi Pamong Praja
mohon begal bunuh pengendara motor tadi malem di jalan gelap deket desa kami segera ya pak,keamanan,sangat_urgen,Satuan Polisi Pamong Praja
pengaduan: peredaran narkoba terang terangan di dekat sekolah anak anak kita terancam kami sangat terganggu,keamanan,sangat_urgen,Satuan Polisi Pamong Praja
pak lampu merah di perempatan rusak rawan kecelakaan udah lama nih,infrastruktur,urgen,Dinas Pekerjaan Umum
mau lapor nih mantep deh pemda udah cepet nanggepin keluhan warga minta tolong banget,administrasi,tidak_urgen,Dinas Kependudukan dan Catatan Sipil
tolong bahu jalan agak rusak butuh perbaikan minta tolong banget,infrastruktur,biasa,Dinas Pekerjaan Umum
laporan: loket pendaftaran puskesmas prosesnya lama banget,kesehatan,biasa,Dinas Kesehatan
pengaduan: sertifikat tanah saya ga kunjung kelar udah setaun nunggu minta tolong banget,administrasi,urgen,Dinas Kependudukan dan Catatan Sipil
mohon saluran air kecil di gang agak tersumbat daun kapan diselesaikan,infrastruktur,biasa,Dinas Pekerjaan Umum
mohon sampah plastik banyak berserakan di pinggir kali,kebersihan,biasa,Dinas Lingkungan Hidup
sungai butek item bau warga banyak yang kena penyakit kulit tolong cepet ditangani,kebersihan,sangat_urgen,Dinas Lingkungan Hidup
sertifikat tanah saya ga kunjung kelar udah setaun nunggu kapan diselesaikan,administrasi,urgen,Dinas Kependudukan dan Catatan Sipil
obat obatan di puskesmas sering kosong pasien disuruh beli sendiri,kesehatan,urgen,Dinas Kesehatan
mau lapor nih pelayanan bpjs dipersulit padahal kartu aktif dan iuran rutin bayar udah lama nih,kesehatan,urgen,Dinas Kesehatan
bu ada pengedar narkoba di lingkungan kami udah lapor tapi belum ada tindakan segera ya pak,keamanan,urgen,Satuan Polisi Pamong Praja
tolong bpjs saya dinonaktifkan padahal iuran selalu bayar tepat waktu,administrasi,urgen,Dinas Kependudukan dan Catatan Sipil
bu paving block di trotoar ada beberapa yang copot harap segera ada tindakan,infrastruktur,biasa,Dinas Pekerjaan Umum
pengaduan: motor parkir sembarangan di badan jalan ganggu arus lalu lintas harap segera ada tindakan,keamanan,biasa,Satuan Polisi Pamong Praja
mau lapor nih kk kami salah data nama anak ketuker udah lapor berkali kali ga diperbaiki kami sangat terganggu,administrasi,urgen,Dinas Kependudukan dan Catatan Sipil
ada yang buang bangkai hewan di lahan kosong bau busuk minta ampun segera ya pak,kebersihan,urgen,Dinas Lingkungan Hidup
ada ancaman bom di pasar warga pada lari kapan diselesaikan,keamanan,sangat_urgen,Satuan Polisi Pamong Praja
pengaduan: ruangan pelayanan dukcapil kurang nyaman ga ada ac kami sangat terganggu,administrasi,biasa,Dinas Kependudukan dan Catatan Sipil
bu penerangan jalan umum di jalan protokol banyak yang mati harap segera ada tindakan,infrastruktur,urgen,Dinas Pekerjaan Umum
tolong ruang tunggu puskesmas sempit dan panas ga ada kipas angin kapan diselesaikan,kesehatan,biasa,Dinas Kesehatan
pengaduan: pelayanan puskesmas kurang ramah perawatnya galak kami sangat terganggu,kesehatan,biasa,Dinas Kesehatan
penerangan jalan minim banget malem gelap gulita rawan kejahatan,keamanan,urgen,Satuan Polisi Pamong Praja
pengaduan: akta kelahiran anak susah banget diurusnya syaratnya berbelit belit minta tolong banget,administrasi,urgen,Dinas Kependudukan dan Catatan Sipil
mohon bangunan liar di lahan fasilitas umum ga ada penertiban segera ya pak,keamanan,biasa,Satuan Polisi Pamong Praja
mau lapor nih cat marka jalan udah pudar ga keliatan harap segera ada tindakan,infrastruktur,biasa,Dinas Pekerjaan Umum
lampu jalan di gang kami mati udah 2 minggu gelap bgt malem harap segera ada tindakan,infrastruktur,urgen,Dinas Pekerjaan Umum
pengaduan: paving block di trotoar ada beberapa yang copot udah lama nih,infrastruktur,biasa,Dinas Pekerjaan Umum
laporan: ibu hamil di desa kami susah akses bidan jaraknya jauh banget,kesehatan,urgen,Dinas Kesehatan
parkir liar di depan toko halangi pejalan kaki,keamanan,biasa,Satuan Polisi Pamong Praja
tolong air pdam berasa aneh bau ga layak minum,kebersihan,sangat_urgen,Dinas Lingkungan Hidup
mau lapor nih sertifikat tanah saya ga kunjung kelar udah setaun nunggu mohon ditindak,administrasi,urgen,Dinas Kependudukan dan Catatan Sipil
bansos ga tepat sasaran tetangga saya mampu dapat saya yang susah malah ga dapat,administrasi,urgen,Dinas Kependudukan dan Catatan Sipil
mohon pelayanan di kecamatan lama banget bisa nunggu sampe sore,administrasi,urgen,Dinas Kependudukan dan Catatan Sipil
halo pemda jalan amblas dalem banget motor aku sampe jatuh tadi malem tolong cepet ditangani,infrastruktur,sangat_urgen,Dinas Pekerjaan Umum
jembatan retak parah goyang kalo dilewati truk tolong cepet ditangani,infrastruktur,sangat_urgen,Dinas Pekerjaan Umum
bu pak walikota salatiga keren banget programnya bagus harap segera ada tindakan,administrasi,tidak_urgen,Dinas Kependudukan dan Catatan Sipil
tolong jalan di komplek ada yang berlubang kecil harap segera ada tindakan,infrastruktur,biasa,Dinas Pekerjaan Umum
laporan: pasar tradisional sampahnya numpuk bau amis kemana mana udah lama nih,kebersihan,urgen,Dinas Lingkungan Hidup
bu lingkungan rt kurang bersih perlu kerja bakti,kebersihan,biasa,Dinas Lingkungan Hidup
tolong pengajuan beasiswa ga diproses padahal syarat lengkap dan nilai bagus tolong cepet ditangani,administrasi,urgen,Dinas Kependudukan dan Catatan Sipil
pak akta kelahiran anak susah banget diurusnya syaratnya berbelit belit,administrasi,urgen,Dinas Kependudukan dan Catatan Sipil
mau lapor nih obat obatan di puskesmas sering kosong pasien disuruh beli sendiri,kesehatan,urgen,Dinas Kesehatan
jalan berlubang gede di depan sekolah udah ada yang jatuh harap segera ada tindakan,infrastruktur,urgen,Dinas Pekerjaan Umum
ada kelompok yang sering bikin keributan di malam hari ganggu warga tolong cepet ditangani,keamanan,urgen,Satuan Polisi Pamong Praja
tolong aspal di depan rumah saya mengelupas mohon ditindak,infrastruktur,biasa,Dinas Pekerjaan Umum
mohon bpjs saya dinonaktifkan padahal iuran selalu bayar tepat waktu,administrasi,urgen,Dinas Kependudukan dan Catatan Sipil
pak urus izin usaha kecil dipersulit minta biaya yang ga jelas udah lama nih,administrasi,urgen,Dinas Kependudukan dan Catatan Sipil
pak jambret hp terjadi siang hari di jalan ramai pelaku kabur,keamanan,urgen,Satuan Polisi Pamong Praja
laporan: penculikan anak terjadi di dekat sekolah dasar tolong segera ditangani segera ya pak,keamanan,sangat_urgen,Satuan Polisi Pamong Praja
laporan: tempat sampah di halte bus udah penuh perlu dikosongkan kapan diselesaikan,kebersihan,biasa,Dinas Lingkungan Hidup
pak klinik desa ga ada dokter tetap cuma ada perawat kami sangat terganggu,kesehatan,urgen,Dinas Kesehatan
paving block di trotoar ada beberapa yang copot,infrastruktur,biasa,Dinas Pekerjaan Umum
bu ada pembunuhan di kampung kami semalam pelaku masih berkeliaran warga takut tolong cepet ditangani,keamanan,sangat_urgen,Satuan Polisi Pamong Praja
tolong jambret hp terjadi siang hari di jalan ramai pelaku kabur,keamanan,urgen,Satuan Polisi Pamong Praja
salut sama kerja keras pak lurah kami minta tolong banget,administrasi,tidak_urgen,Dinas Kependudukan dan Catatan Sipil
mau lapor nih lampu taman di alun alun beberapa yang mati segera ya pak,infrastruktur,biasa,Dinas Pekerjaan Umum
laporan: lampu taman di alun alun beberapa yang mati udah lama nih,infrastruktur,biasa,Dinas Pekerjaan Umum
sktm buat daftar sekolah ga bisa didapat harus nyogok dulu,administrasi,urgen,Dinas Kependudukan dan Catatan Sipil
konflik warga udah berlangsung lama belum ada penyelesaian dari aparat,keamanan,urgen,Satuan Polisi Pamong Praja
tolong pengajuan beasiswa ga diproses padahal syarat lengkap dan nilai bagus minta tolong banget,administrasi,urgen,Dinas Kependudukan dan Catatan Sipil
ada kasus tbc menyebar di lingkungan padat penduduk butuh penanganan cepat harap segera ada tindakan,kesehatan,sangat_urgen,Dinas Kesehatan
selamat pagi pemda semoga makin maju kotanya minta tolong banget,administrasi,tidak_urgen,Dinas Kependudukan dan Catatan Sipil
ada kasus meningitis di kampung kami 3 orang udah masuk icu,kesehatan,sangat_urgen,Dinas Kesehatan
limbah kimia ngalir ke sawah tanaman warga pada mati harap segera ada tindakan,kebersihan,sangat_urgen,Dinas Lingkungan Hidup
pak halte bus atapnya bocor ujan masuk,infrastruktur,biasa,Dinas Pekerjaan Umum
ada penembakan di daerah kami warga panik ga berani keluar rumah,keamanan,sangat_urgen,Satuan Polisi Pamong Praja
mau lapor nih papan nama jalan udah pudar susah dibaca,infrastruktur,biasa,Dinas Pekerjaan Umum
pkl di trotoar bikin macet dan ganggu lalu lintas,keamanan,biasa,Satuan Polisi Pamong Praja
halo pemda ada pembuangan limbah ilegal di dekat sekolah baunya menyengat,kebersihan,sangat_urgen,Dinas Lingkungan Hidup
halo pemda got depan rumah agak kotor perlu dikuras,kebersihan,biasa,Dinas Lingkungan Hidup
tolong ada beberapa warga yang buang sampah sembarangan di pinggir jalan,kebersihan,biasa,Dinas Lingkungan Hidup
laporan: halte bus atapnya bocor ujan masuk,infrastruktur,biasa,Dinas Pekerjaan Umum
laporan: sampah medis bekas jarum suntik berserakan di taman bermain anak minta tolong banget,kebersihan,sangat_urgen,Dinas Lingkungan Hidup
laporan: info jadwal dokter di puskesmas ga pernah diupdate segera ya pak,kesehatan,biasa,Dinas Kesehatan
halo pemda selokan penuh sampah plastik air meluap ke jalan minta tolong banget,kebersihan,urgen,Dinas Lingkungan Hidup
pelayanan puskesmas kurang ramah perawatnya galak,kesehatan,biasa,Dinas Kesehatan
pak jambret hp terjadi siang hari di jalan ramai pelaku kabur udah lama nih,keamanan,urgen,Satuan Polisi Pamong Praja
laporan: trotoar di jalan ahmad yani retak retak minta tolong banget,infrastruktur,biasa,Dinas Pekerjaan Umum
ibu hamil di desa kami susah akses bidan jaraknya jauh banget mohon ditindak,kesehatan,urgen,Dinas Kesehatan
nomor antrian di kantor kecamatan sistemnya masih manual,administrasi,biasa,Dinas Kependudukan dan Catatan Sipil
tolong truk sampah ga pernah dateng ke rt kami udah 2 minggu numpuk harap segera ada tindakan,kebersihan,urgen,Dinas Lingkungan Hidup
penerangan jalan minim banget malem gelap gulita rawan kejahatan udah lama nih,keamanan,urgen,Satuan Polisi Pamong Praja
ijazah anak ditahan sekolah karena masalah administrasi,administrasi,urgen,Dinas Kependudukan dan Catatan Sipil
premanisme di pasar makin merajalela pedagang resah,keamanan,urgen,Satuan Polisi Pamong Praja
tolong pelayanan di kecamatan lama banget bisa nunggu sampe sore mohon ditindak,administrasi,urgen,Dinas Kependudukan dan Catatan Sipil
bu posyandu ga aktif udah 4 bulan balita ga ada yang pantau tumbuh kembangnya,kesehatan,urgen,Dinas Kesehatan
motor parkir sembarangan di badan jalan ganggu arus lalu lintas harap segera ada tindakan,keamanan,biasa,Satuan Polisi Pamong Praja
halo pemda kk kami salah data nama anak ketuker udah lapor berkali kali ga diperbaiki tolong cepet ditangani,administrasi,urgen,Dinas Kependudukan dan Catatan Sipil
mau lapor nih sampah berserakan di depan minimarket ga ada yang bersihin,kebersihan,biasa,Dinas Lingkungan Hidup
laporan: acara agustusan di kelurahan seru banget makasih pak rt,administrasi,tidak_urgen,Dinas Kependudukan dan Catatan Sipil
tolong aspal di depan rumah saya mengelupas kapan diselesaikan,infrastruktur,biasa,Dinas Pekerjaan Umum
pak sungai kecil belakang perumahan penuh sampah bau busuk,kebersihan,urgen,Dinas Lingkungan Hidup
tolong ada ancaman bom di pasar warga pada lari harap segera ada tindakan,keamanan,sangat_urgen,Satuan Polisi Pamong Praja
bu fogging dbd ga pernah dilakukan padahal kasus terus naik tolong cepet ditangani,kesehatan,urgen,Dinas Kesehatan
pengaduan: sungai kecil belakang perumahan penuh sampah bau busuk harap segera ada tindakan,kebersihan,urgen,Dinas Lingkungan Hidup
pak nomor antrian di kantor kecamatan sistemnya masih manual,administrasi,biasa,Dinas Kependudukan dan Catatan Sipil
mohon keracunan massal di kantin sekolah puluhan anak muntah muntah dibawa ke rs udah lama nih,kesehatan,sangat_urgen,Dinas Kesehatan
klinik desa ga ada dokter tetap cuma ada perawat,kesehatan,urgen,Dinas Kesehatan
tolong kasus pencurian di komplek kami makin sering ga ada ronda kami sangat terganggu,keamanan,urgen,Satuan Polisi Pamong Praja
mohon warga banyak sesak napas akibat polusi pabrik terdekat kami sangat terganggu,kesehatan,sangat_urgen,Dinas Kesehatan
pengaduan: taman kota kotor banyak sampah dedaunan minta tolong banget,kebersihan,biasa,Dinas Lingkungan Hidup
pak puskesmas pembantu tutup ga ada tenaga kesehatan sama sekali kapan diselesaikan,kesehatan,urgen,Dinas Kesehatan
pengaduan: pelayanan bpjs dipersulit padahal kartu aktif dan iuran rutin bayar,kesehatan,urgen,Dinas Kesehatan
mau lapor nih parkir liar di depan toko halangi pejalan kaki kapan diselesaikan,keamanan,biasa,Satuan Polisi Pamong Praja
bu loket pelayanan ktp cuma buka sampai jam 11 terlalu singkat harap segera ada tindakan,administrasi,biasa,Dinas Kependudukan dan Catatan Sipil
pak terimakasih sudah mengadakan kegiatan bersih bersih di lingkungan kami minta tolong banget,administrasi,tidak_urgen,Dinas Kependudukan dan Catatan Sipil
ada kasus tbc menyebar di lingkungan padat penduduk butuh penanganan cepat,kesehatan,sangat_urgen,Dinas Kesehatan
kk kami salah data nama anak ketuker udah lapor berkali kali ga diperbaiki,administrasi,urgen,Dinas Kependudukan dan Catatan Sipil
tolong ada pedagang yang jualan di badan jalan bahayain pengendara segera ya pak,keamanan,biasa,Satuan Polisi Pamong Praja
ada pungutan liar di terminal oleh oknum preman kapan diselesaikan,keamanan,urgen,Satuan Polisi Pamong Praja
pak ada pengedar narkoba di lingkungan kami udah lapor tapi belum ada tindakan tolong cepet ditangani,keamanan,urgen,Satuan Polisi Pamong Praja
bu ada penembakan di daerah kami warga panik ga berani keluar rumah kami sangat terganggu,keamanan,sangat_urgen,Satuan Polisi Pamong Praja
tawuran pakai senjata tajam ada korban luka parah butuh penanganan segera,keamanan,sangat_urgen,Satuan Polisi Pamong Praja
halo pemda pelayanan di kecamatan lama banget bisa nunggu sampe sore mohon ditindak,administrasi,urgen,Dinas Kependudukan dan Catatan Sipil
ruangan pelayanan dukcapil kurang nyaman ga ada ac kami sangat terganggu,administrasi,biasa,Dinas Kependudukan dan Catatan Sipil
got depan rumah mampet banjir kecil tiap hujan,infrastruktur,urgen,Dinas Pekerjaan Umum
mau lapor nih warga bakar sampah tiap hari asapnya masuk ke rumah ganggu pernapasan segera ya pak,kebersihan,urgen,Dinas Lingkungan Hidup
pengaduan: cat jembatan udah kusam perlu dicat ulang,infrastruktur,biasa,Dinas Pekerjaan Umum
pengaduan: bpjs saya dinonaktifkan padahal iuran selalu bayar tepat waktu udah lama nih,administrasi,urgen,Dinas Kependudukan dan Catatan Sipil
jembatan retak parah goyang kalo dilewati truk,infrastruktur,sangat_urgen,Dinas Pekerjaan Umum
pengajuan beasiswa ga diproses padahal syarat lengkap dan nilai bagus,administrasi,urgen,Dinas Kependudukan dan Catatan Sipil
limbah pabrik dibuang ke kali sumber air minum warga udah pada mual,kebersihan,sangat_urgen,Dinas Lingkungan Hidup
pak ada penembakan di daerah kami warga panik ga berani keluar rumah tolong cepet ditangani,keamanan,sangat_urgen,Satuan Polisi Pamong Praja
mohon tawuran pakai senjata tajam ada korban luka parah butuh penanganan segera harap segera ada tindakan,keamanan,sangat_urgen,Satuan Polisi Pamong Praja
ada kelompok yang sering bikin keributan di malam hari ganggu warga,keamanan,urgen,Satuan Polisi Pamong Praja
halo pemda petugas kelurahan sering ga ada di tempat pas jam kerja kami sangat terganggu,administrasi,biasa,Dinas Kependudukan dan Catatan Sipil
warga bakar sampah tiap hari asapnya masuk ke rumah ganggu pernapasan,kebersihan,urgen,Dinas Lingkungan Hidup
mau lapor nih nomor antrian di kantor kecamatan sistemnya masih manual harap segera ada tindakan,administrasi,biasa,Dinas Kependudukan dan Catatan Sipil
selamat pagi pemda semoga makin maju kotanya,administrasi,tidak_urgen,Dinas Kependudukan dan Catatan Sipil
pak ijazah anak ditahan sekolah karena masalah administrasi,administrasi,urgen,Dinas Kependudukan dan Catatan Sipil
remaja di bawah umur terlibat tawuran bawa celurit ada yang masuk ugd mohon ditindak,keamanan,sangat_urgen,Satuan Polisi Pamong Praja
air pdam berasa aneh bau ga layak minum harap segera ada tindakan,kebersihan,sangat_urgen,Dinas Lingkungan Hidup
tolong pasien rujukan ditolak rs tanpa alasan yang jelas mohon ditindak,kesehatan,urgen,Dinas Kesehatan
mau lapor nih imunisasi anak di kelurahan kami ga jalan udah berbulan bulan mohon ditindak,kesehatan,urgen,Dinas Kesehatan
tawuran pakai senjata tajam ada korban luka parah butuh penanganan segera kapan diselesaikan,keamanan,sangat_urgen,Satuan Polisi Pamong Praja
mohon truk sampah ga pernah dateng ke rt kami udah 2 minggu numpuk,kebersihan,urgen,Dinas Lingkungan Hidup
tolong jembatan di desa kami putus total udah ga bisa dilewati sama sekali kami sangat terganggu,infrastruktur,sangat_urgen,Dinas Pekerjaan Umum
begal sering beroperasi di jalan alternatif desa ga ada patroli,keamanan,urgen,Satuan Polisi Pamong Praja
halo pemda akta kelahiran anak susah banget diurusnya syaratnya berbelit belit,administrasi,urgen,Dinas Kependudukan dan Catatan Sipil
pak jalan masuk komplek rusak parah susah dilalui motor tolong cepet ditangani,infrastruktur,urgen,Dinas Pekerjaan Umum
nomor antrian di kantor kecamatan sistemnya masih manual mohon ditindak,administrasi,biasa,Dinas Kependudukan dan Catatan Sipil
pengaduan: antrian puskesmas ga teratur pasien lansia berdiri berjam jam segera ya pak,kesehatan,urgen,Dinas Kesehatan
ktp saya udah 5 bulan belum jadi padahal semua syarat udah lengkap mohon ditindak,administrasi,urgen,Dinas Kependudukan dan Catatan Sipil
gorong gorong jebol jalan ambles dalam banget berbahaya kami sangat terganggu,infrastruktur,sangat_urgen,Dinas Pekerjaan Umum
halo pemda rel kereta ga ada pagarnya udah ada yang ketabrak minggu lalu,infrastruktur,sangat_urgen,Dinas Pekerjaan Umum
tumpukan sampah terbakar asapnya tebal masuk ke rumah warga sesak napas,kebersihan,sangat_urgen,Dinas Lingkungan Hidup
bu got kecil di depan rumah agak mampet udah lama nih,infrastruktur,biasa,Dinas Pekerjaan Umum
tolong got meluap banjir masuk rumah warga udah setinggi lutut minta tolong banget,infrastruktur,sangat_urgen,Dinas Pekerjaan Umum
pengaduan: maling motor udah masuk ke perumahan kami 3x dalam sebulan ini mohon ditindak,keamanan,urgen,Satuan Polisi Pamong Praja
sungai kecil belakang perumahan penuh sampah bau busuk,kebersihan,urgen,Dinas Lingkungan Hidup
salut sama kerja keras pak lurah kami kami sangat terganggu,administrasi,tidak_urgen,Dinas Kependudukan dan Catatan Sipil
tolong bank sampah di kelurahan kami ga jalan kapan diselesaikan,kebersihan,biasa,Dinas Lingkungan Hidup
mau lapor nih pelayanan puskesmas kurang ramah perawatnya galak minta tolong banget,kesehatan,biasa,Dinas Kesehatan
tolong pasien rujukan ditolak rs tanpa alasan yang jelas udah lama nih,kesehatan,urgen,Dinas Kesehatan
tolong acara agustusan di kelurahan seru banget makasih pak rt udah lama nih,administrasi,tidak_urgen,Dinas Kependudukan dan Catatan Sipil
halo pemda jalan di komplek ada yang berlubang kecil udah lama nih,infrastruktur,biasa,Dinas Pekerjaan Umum
drainase mampet banjir tiap hujan deras mohon ditindak,infrastruktur,urgen,Dinas Pekerjaan Umum
pak terimakasih sudah mengadakan kegiatan bersih bersih di lingkungan kami tolong cepet ditangani,administrasi,tidak_urgen,Dinas Kependudukan dan Catatan Sipil
pengaduan: trotoar di jalan ahmad yani retak retak,infrastruktur,biasa,Dinas Pekerjaan Umum
pak motor parkir sembarangan di badan jalan ganggu arus lalu lintas segera ya pak,keamanan,biasa,Satuan Polisi Pamong Praja
bpjs saya dinonaktifkan padahal iuran selalu bayar tepat waktu,administrasi,urgen,Dinas Kependudukan dan Catatan Sipil
drainase mampet banjir tiap hujan deras tolong cepet ditangani,infrastruktur,urgen,Dinas Pekerjaan Umum
mohon tiang listrik mau roboh nih nempel ke pohon rawan banget kena angin,infrastruktur,sangat_urgen,Dinas Pekerjaan Umum
laporan: cat jembatan udah kusam perlu dicat ulang,infrastruktur,biasa,Dinas Pekerjaan Umum
pohon besar tumbang nutupin jalan utama ga bisa dilewati,infrastruktur,sangat_urgen,Dinas Pekerjaan Umum
tolong pemkot salatiga keren programnya pro rakyat,administrasi,tidak_urgen,Dinas Kependudukan dan Catatan Sipil
pak puskesmas pembantu tutup ga ada tenaga kesehatan sama sekali,kesehatan,urgen,Dinas Kesehatan
mohon limbah kimia ngalir ke sawah tanaman warga pada mati kami sangat terganggu,kebersihan,sangat_urgen,Dinas Lingkungan Hidup
mohon truk sampah ga pernah dateng ke rt kami udah 2 minggu numpuk harap segera ada tindakan,kebersihan,urgen,Dinas Lingkungan Hidup
pengaduan: lampu jalan di gang kami mati udah 2 minggu gelap bgt malem mohon ditindak,infrastruktur,urgen,Dinas Pekerjaan Umum
pengaduan: bayi gizi buruk parah di desa kami butuh bantuan segera,kesehatan,sangat_urgen,Dinas Kesehatan
halo pemda pasar tradisional sampahnya numpuk bau amis kemana mana minta tolong banget,kebersihan,urgen,Dinas Lingkungan Hidup
pengaduan: selamat pagi pemda semoga makin maju kotanya udah lama nih,administrasi,tidak_urgen,Dinas Kependudukan dan Catatan Sipil
makasih ya udah benerin jalan di depan rumah kami,administrasi,tidak_urgen,Dinas Kependudukan dan Catatan Sipil
pengaduan: knalpot brong di jalanan bikin bising ganggu ketenangan warga tolong cepet ditangani,keamanan,biasa,Satuan Polisi Pamong Praja
bu sampah berserakan di depan minimarket ga ada yang bersihin,kebersihan,biasa,Dinas Lingkungan Hidup
mohon tumpukan sampah terbakar asapnya tebal masuk ke rumah warga sesak napas minta tolong banget,kebersihan,sangat_urgen,Dinas Lingkungan Hidup
halo pemda saluran air kecil di gang agak tersumbat daun minta tolong banget,infrastruktur,biasa,Dinas Pekerjaan Umum
mau lapor nih ibu hamil di desa kami susah akses bidan jaraknya jauh banget segera ya pak,kesehatan,urgen,Dinas Kesehatan
tolong lingkungan kami sekarang udah bersih makasih petugas kebersihan mohon ditindak,administrasi,tidak_urgen,Dinas Kependudukan dan Catatan Sipil
jalan desa kami berlubang-lubang parah apalagi musim hujan,infrastruktur,urgen,Dinas Pekerjaan Umum
informasi syarat urus ktp di website ga update,administrasi,biasa,Dinas Kependudukan dan Catatan Sipil
posyandu ga aktif udah 4 bulan balita ga ada yang pantau tumbuh kembangnya segera ya pak,kesehatan,urgen,Dinas Kesehatan
bu jembatan di desa kami putus total udah ga bisa dilewati sama sekali kapan diselesaikan,infrastruktur,sangat_urgen,Dinas Pekerjaan Umum
pengaduan: petugas kelurahan sering ga ada di tempat pas jam kerja,administrasi,biasa,Dinas Kependudukan dan Catatan Sipil
trotoar depan pasar rusak parah orang sering kesandung,infrastruktur,urgen,Dinas Pekerjaan Umum
air pdam berasa aneh bau ga layak minum,kebersihan,sangat_urgen,Dinas Lingkungan Hidup
halo pemda rel kereta ga ada pagarnya udah ada yang ketabrak minggu lalu segera ya pak,infrastruktur,sangat_urgen,Dinas Pekerjaan Umum
pak kk kami salah data nama anak ketuker udah lapor berkali kali ga diperbaiki,administrasi,urgen,Dinas Kependudukan dan Catatan Sipil
pengaduan: jam buka puskesmas sering ga sesuai jadwal kapan diselesaikan,kesehatan,biasa,Dinas Kesehatan
pak walikota salatiga keren banget programnya bagus harap segera ada tindakan,administrasi,tidak_urgen,Dinas Kependudukan dan Catatan Sipil
mohon obat obatan di puskesmas sering kosong pasien disuruh beli sendiri,kesehatan,urgen,Dinas Kesehatan
laporan: bayi gizi buruk parah di desa kami butuh bantuan segera udah lama nih,kesehatan,sangat_urgen,Dinas Kesehatan
mohon petugas kelurahan sering ga ada di tempat pas jam kerja tolong cepet ditangani,administrasi,biasa,Dinas Kependudukan dan Catatan Sipil
bu warga bakar sampah tiap hari asapnya masuk ke rumah ganggu pernapasan kami bgt terganggu,kebersihan,urgen,Dinas Lingkungan Hidup
tiang listrik mau roboh nih nempel ke pohon rawan banget kena angin mohon ditindak,infrastruktur,sangat_urgen,Dinas Pekerjaan Umum
keracunan massal di kantin sekolah puluhan anak muntah muntah dibawa ke rs,kesehatan,sangat_urgen,Dinas Kesehatan
begal bunuh pengendara motor tadi malem di jalan gelap deket desa kami,keamanan,sangat_urgen,Satuan Polisi Pamong Praja
halo pemda petugas kebersihan jarang masuk ke gang kami,kebersihan,biasa,Dinas Lingkungan Hidup
pengaduan: bahu jalan agak rusak butuh perbaikan,infrastruktur,biasa,Dinas Pekerjaan Umum
halo pemda penertiban pkl ga konsisten balik lagi besoknya,keamanan,biasa,Satuan Polisi Pamong Praja
pak begal sering beroperasi di jalan alternatif desa ga ada patroli tolong cepet ditangani,keamanan,urgen,Satuan Polisi Pamong Praja
laporan: mantep deh pemda udah cepet nanggepin keluhan warga tolong cepet ditangani,administrasi,tidak_urgen,Dinas Kependudukan dan Catatan Sipil
tempat hiburan malam berisik ganggu warga sekitar tiap malam minggu harap segera ada tindakan,keamanan,biasa,Satuan Polisi Pamong Praja
halo pemda ktp saya udah 5 bulan belum jadi padahal semua syarat udah lengkap minta tolong banget,administrasi,urgen,Dinas Kependudukan dan Catatan Sipil
laporan: warga bakar sampah tiap hari asapnya masuk ke rumah ganggu pernapasan kami bgt terganggu,kebersihan,urgen,Dinas Lingkungan Hidup
laporan: informasi syarat urus ktp di website ga update udah lama nih,administrasi,biasa,Dinas Kependudukan dan Catatan Sipil
pengaduan: petugas kelurahan sering ga ada di tempat pas jam kerja kami sangat terganggu,administrasi,biasa,Dinas Kependudukan dan Catatan Sipil
mau lapor nih parkir liar di depan toko halangi pejalan kaki kami sangat terganggu,keamanan,biasa,Satuan Polisi Pamong Praja
lingkungan kami sekarang udah bersih makasih petugas kebersihan,administrasi,tidak_urgen,Dinas Kependudukan dan Catatan Sipil
mau lapor nih ada kelompok yang sering bikin keributan di malam hari ganggu warga mohon ditindak,keamanan,urgen,Satuan Polisi Pamong Praja
halo pemda jalan berlubang gede di depan sekolah udah ada yang jatuh harap segera ada tindakan,infrastruktur,urgen,Dinas Pekerjaan Umum
laporan: terimakasih sudah mengadakan kegiatan bersih bersih di lingkungan kami mohon ditindak,administrasi,tidak_urgen,Dinas Kependudukan dan Catatan Sipil
petugas kelurahan sering ga ada di tempat pas jam kerja,administrasi,biasa,Dinas Kependudukan dan Catatan Sipil
mau lapor nih pasar tradisional sampahnya numpuk bau amis kemana mana tolong cepet ditangani,kebersihan,urgen,Dinas Lingkungan Hidup
halo pemda jalan longsor nutup akses ke 3 desa warga ga bisa kemana mana kami bgt terganggu,infrastruktur,sangat_urgen,Dinas Pekerjaan Umum
mohon wabah diare menyebar di desa kami udah 20 orang kena termasuk balita,kesehatan,sangat_urgen,Dinas Kesehatan
halo pemda got depan rumah agak kotor perlu dikuras segera ya pak,kebersihan,biasa,Dinas Lingkungan Hidup
sungai butek item bau warga buanyak yang kena penyakit kulit udah lama nih,kebersihan,sangat_urgen,Dinas Lingkungan Hidup
posyandu ga aktif udah 4 bulan balita ga ada yang pantau tumbuh kembangnya,kesehatan,urgen,Dinas Kesehatan
klinik desa ga ada dokter tetap cuma ada perawat kapan diselesaikan,kesehatan,urgen,Dinas Kesehatan
bu pemkot salatiga keren programnya pro rakyat tolong cepet ditangani,administrasi,tidak_urgen,Dinas Kependudukan dan Catatan Sipil
laporan: ambulans desa rusak ga bisa dipake warga ada yang sakit parah mohon ditindak,kesehatan,sangat_urgen,Dinas Kesehatan
tolong sampah plastik banyak berserakan di pinggir kali mohon ditindak,kebersihan,biasa,Dinas Lingkungan Hidup
got kecil di depan rumah agak mampet,infrastruktur,biasa,Dinas Pekerjaan Umum
bu premanisme di pasar makin merajalela pedagang resah tolong cepet ditangani,keamanan,urgen,Satuan Polisi Pamong Praja
laporan: jalan masuk komplek rusak parah susah dilalui motor segera ya pak,infrastruktur,urgen,Dinas Pekerjaan Umum
tolong fogging dbd ga pernah dilakukan padahal kasus terus naik minta tolong banget,kesehatan,urgen,Dinas Kesehatan
laporan: got depan rumah mampet banjir kecil tiap hujan kapan diselesaikan,infrastruktur,urgen,Dinas Pekerjaan Umum
laporan: makasih ya udah benerin jalan di depan rumah kami tolong cepet ditangani,administrasi,tidak_urgen,Dinas Kependudukan dan Catatan Sipil
wabah dbd menyebar cepet udah 5 orang di rt kami positif,kesehatan,sangat_urgen,Dinas Kesehatan
pak sampah di tps udah meluber ke jalan bau banget lalat dimana mana,kebersihan,urgen,Dinas Lingkungan Hidup
pengaduan: halte bus atapnya bocor ujan masuk,infrastruktur,biasa,Dinas Pekerjaan Umum
mau lapor nih tawuran pakai senjata tajam ada korban luka parah butuh penanganan segera segera ya pak,keamanan,sangat_urgen,Satuan Polisi Pamong Praja
jalan longsor nutup akses ke 3 desa warga ga bisa kemana mana,infrastruktur,sangat_urgen,Dinas Pekerjaan Umum
motor parkir sembarangan di badan jalan ganggu arus lalu lintas,keamanan,biasa,Satuan Polisi Pamong Praja
bu jalan desa kami berlubang-lubang parah apalagi musim hujan,infrastruktur,urgen,Dinas Pekerjaan Umum
petugas kebersihan jarang masuk ke gang kami,kebersihan,biasa,Dinas Lingkungan Hidup
info jadwal dokter di puskesmas ga pernah diupdate,kesehatan,biasa,Dinas Kesehatan
penerangan jalan umum di jalan protokol banyak yang mati udah lama nih,infrastruktur,urgen,Dinas Pekerjaan Umum
